{"Version":"0.0.0","Data":{"PlayerInventory":"{\"Version\":\"1.0.0\",\"QuickSelect\":{\"Version\":\"0.0.0\",\"Slots\":[{\"ItemId\":379,\"Age\":135.592865},{\"ItemId\":356,\"Age\":135.592865},{\"ItemId\":393,\"Age\":5642.83838},{},{\"ItemId\":466,\"Age\":135.592865},{\"ItemId\":529,\"Age\":135.592865},{\"ItemId\":439,\"Age\":135.592865},{\"ItemId\":476,\"Age\":135.592865},{\"ItemId\":589,\"Age\":135.592865}]},\"EquippedItems\":[],\"ItemInstanceManagerData\":{\"Version\":\"0.0.0\",\"ItemBlocks\":[{\"ItemId\":402,\"TotalCount\":1,\"UniqueItems\":[{\"Modules\":[{\"Version\":\"0.0.0\"}]}]},{\"ItemId\":380,\"TotalCount\":1,\"UniqueItems\":[{\"Modules\":[{\"Version\":\"0.0.0\"}]}]},{\"ItemId\":351,\"TotalCount\":1,\"UniqueItems\":[]},{\"ItemId\":552,\"TotalCount\":1,\"UniqueItems\":[]},{\"ItemId\":690,\"TotalCount\":1,\"UniqueItems\":[]},{\"ItemId\":486,\"TotalCount\":1,\"UniqueItems\":[]},{\"ItemId\":373,\"TotalCount\":1,\"UniqueItems\":[{\"Modules\":[{\"Version\":\"0.0.0\",\"ModuleId\":9}]}]},{\"ItemId\":476,\"TotalCount\":18,\"UniqueItems\":[]},{\"ItemId\":504,\"TotalCount\":1,\"UniqueItems\":[]},{\"ItemId\":419,\"TotalCount\":5,\"UniqueItems\":[]},{\"ItemId\":439,\"TotalCount\":3,\"UniqueItems\":[]},{\"ItemId\":393,\"TotalCount\":1,\"UniqueItems\":[]},{\"ItemId\":362,\"TotalCount\":9,\"UniqueItems\":[]},{\"ItemId\":466,\"TotalCount\":1,\"UniqueItems\":[{\"Modules\":[{\"CurrentState\":3,\"Version\":\"0.0.0\",\"ModuleId\":3}]}]},{\"ItemId\":379,\"TotalCount\":1,\"UniqueItems\":[{\"Modules\":[{\"Version\":\"0.0.0\"},{\"Version\":\"0.0.0\",\"ModuleId\":8}]}]},{\"ItemId\":412,\"TotalCount\":1,\"UniqueItems\":[]},{\"ItemId\":413,\"TotalCount\":1,\"UniqueItems\":[]},{\"ItemId\":589,\"TotalCount\":1,\"UniqueItems\":[]},{\"ItemId\":484,\"TotalCount\":203,\"UniqueItems\":[]},{\"ItemId\":529,\"TotalCount\":1,\"UniqueItems\":[{\"Modules\":[{\"IconIndex\":7,\"Version\":\"0.0.0\",\"ModuleId\":2}]}]},{\"ItemId\":471,\"TotalCount\":1,\"UniqueItems\":[{\"Modules\":[{\"RecipeId\":-1,\"CurrentVolume\":56,\"Version\":\"0.0.0\",\"ModuleId\":7}]}]},{\"ItemId\":445,\"TotalCount\":1,\"UniqueItems\":[]},{\"ItemId\":441,\"TotalCount\":1,\"UniqueItems\":[]},{\"ItemId\":479,\"TotalCount\":1,\"UniqueItems\":[]},{\"ItemId\":634,\"TotalCount\":1,\"UniqueItems\":[]},{\"ItemId\":438,\"TotalCount\":1,\"UniqueItems\":[]},{\"ItemId\":517,\"TotalCount\":1,\"UniqueItems\":[{\"Modules\":[{\"RecipeId\":-1,\"Version\":\"0.0.0\",\"ModuleId\":7}]}]},{\"ItemId\":437,\"TotalCount\":2,\"UniqueItems\":[]},{\"ItemId\":416,\"TotalCount\":1,\"UniqueItems\":[]},{\"ItemId\":615,\"TotalCount\":1,\"UniqueItems\":[]},{\"ItemId\":400,\"TotalCount\":1,\"UniqueItems\":[]},{\"ItemId\":496,\"TotalCount\":16,\"UniqueItems\":[]},{\"ItemId\":386,\"TotalCount\":1,\"UniqueItems\":[{\"Modules\":[{\"Version\":\"0.0.0\",\"ModuleId\":8},{\"AmmoType\":362,\"CurrentAmmo\":6,\"WeaponModIds\":[],\"Version\":\"0.0.0\",\"ModuleId\":4}]}]},{\"ItemId\":635,\"TotalCount\":1,\"UniqueItems\":[]},{\"ItemId\":356,\"TotalCount\":1,\"UniqueItems\":[{\"Modules\":[{\"Version\":\"0.0.0\"},{\"Version\":\"0.0.0\",\"ModuleId\":8}]}]},{\"ItemId\":415,\"TotalCount\":2,\"UniqueItems\":[]},{\"ItemId\":430,\"TotalCount\":3,\"UniqueItems\":[]},{\"ItemId\":403,\"TotalCount\":7,\"UniqueItems\":[]},{\"ItemId\":506,\"TotalCount\":2,\"UniqueItems\":[]},{\"ItemId\":433,\"TotalCount\":1,\"UniqueItems\":[{\"Modules\":[{\"CurrentState\":3,\"Version\":\"0.0.0\",\"ModuleId\":3}]}]},{\"ItemId\":405,\"TotalCount\":1,\"UniqueItems\":[]},{\"ItemId\":381,\"TotalCount\":5,\"UniqueItems\":[]},{\"ItemId\":418,\"TotalCount\":6,\"UniqueItems\":[]}]}}"}}